{
  "version": 1,
  "author": "Saikiran Tanikella",
  "editor": "wokwi",
  "parts": [
    { "type": "wokwi-arduino-mega", "id": "mega", "top": 115.8, "left": -13.2, "attrs": {} },
    { "type": "wokwi-photoresistor-sensor", "id": "ldr1", "top": 416, "left": -18.4, "attrs": {} },
    {
      "type": "wokwi-lcd1602",
      "id": "lcd1",
      "top": -137.6,
      "left": 5.6,
      "attrs": { "pins": "i2c" }
    },
    {
      "type": "wokwi-dht22",
      "id": "dht1",
      "top": -76.5,
      "left": -106,
      "attrs": { "temperature": "70.1", "humidity": "11.5" }
    },
    {
      "type": "wokwi-dht22",
      "id": "dht2",
      "top": -105.3,
      "left": 537.2,
      "attrs": { "temperature": "58.8", "humidity": "15.5" }
    },
    {
      "type": "wokwi-dht22",
      "id": "dht3",
      "top": 384.3,
      "left": -106,
      "attrs": { "humidity": "22.5", "temperature": "61.9" }
    },
    {
      "type": "wokwi-dht22",
      "id": "dht4",
      "top": 384.3,
      "left": 537.2,
      "attrs": { "humidity": "19", "temperature": "65.8" }
    },
    { "type": "wokwi-servo", "id": "servo1", "top": -40.4, "left": -326.4, "attrs": {} },
    { "type": "wokwi-servo", "id": "servo2", "top": 65.2, "left": 566.4, "attrs": {} },
    { "type": "wokwi-servo", "id": "servo4", "top": 266.8, "left": 556.8, "attrs": {} },
    { "type": "wokwi-servo", "id": "servo3", "top": 324.4, "left": -307.2, "attrs": {} }
  ],
  "connections": [
    [ "servo2:GND", "servo2:V+", "black", [ "h0" ] ],
    [ "ldr1:GND", "mega:GND.5", "black", [ "h0" ] ],
    [ "dht4:GND", "mega:GND.5", "black", [ "v33.39", "h-123.94" ] ],
    [ "dht4:VCC", "mega:5V.2", "red", [ "v9.6", "h192", "v-451.2", "h-393.6" ] ],
    [ "dht2:VCC", "mega:5V.2", "red", [ "v48", "h-182.4" ] ],
    [ "lcd1:VCC", "mega:5V.2", "red", [ "h-9.6", "v-57.5", "h326.4" ] ],
    [ "dht3:VCC", "mega:5V.2", "red", [ "v9.6", "h-316.8", "v-662.4", "h777.6" ] ],
    [ "dht1:VCC", "mega:5V.2", "red", [ "v0", "h-28.8", "v-192", "h489.6" ] ],
    [ "dht2:GND", "mega:GND.5", "black", [ "v0", "h173.2", "v518.4", "h-403.2" ] ],
    [ "dht3:GND", "mega:GND.5", "black", [ "v28.8", "h413.2" ] ],
    [ "ldr1:AO", "mega:A0", "green", [ "h0" ] ],
    [ "servo1:V+", "mega:5V", "green", [ "h-28.8", "v307.3", "h499.2" ] ],
    [ "servo2:V+", "mega:5V", "green", [ "h-28.8", "v201.7", "h-384" ] ],
    [ "servo4:V+", "mega:5V", "green", [ "h-403.2", "v0.1" ] ],
    [ "servo1:GND", "mega:GND.3", "black", [ "h-38.4", "v307.2", "h537.6" ] ],
    [ "servo4:GND", "mega:GND.3", "black", [ "h-384" ] ],
    [ "servo2:GND", "mega:GND.3", "black", [ "h-19.2", "v201.6", "h-374.4" ] ],
    [ "lcd1:SDA", "mega:20", "green", [ "h-19.2", "v-86.2", "h326.4" ] ],
    [ "lcd1:SCL", "mega:21", "green", [ "h-28.8", "v-105.3", "h336" ] ],
    [ "lcd1:GND", "mega:GND.5", "black", [ "h0", "v-57.6", "h748.8", "v691.2", "h-403.2" ] ],
    [
      "dht1:GND",
      "mega:GND.5",
      "black",
      [ "v0", "h19.6", "v-201.6", "h796.8", "v691.2", "h-403.2" ]
    ],
    [ "dht2:SDA", "mega:3", "green", [ "v19.2", "h-348.4" ] ],
    [
      "dht1:SDA",
      "mega:2",
      "green",
      [ "v19.2", "h-50.8", "v-249.6", "h470.4", "v211.2", "h-115.2" ]
    ],
    [ "dht3:SDA", "mega:4", "green", [ "v48", "h602", "v-508.8", "h-316.8" ] ],
    [ "dht4:SDA", "mega:5", "green", [ "v19.2", "h-50.8", "v-470.4", "h-316.8" ] ],
    [ "servo1:PWM", "mega:6", "green", [ "h-19.2", "v38.6", "h528" ] ],
    [ "servo4:PWM", "mega:9", "green", [ "h-883.2", "v-239.8", "h480" ] ],
    [
      "servo2:PWM",
      "mega:7",
      "green",
      [ "h-38.4", "v0.2", "h0", "v422.4", "h-873.6", "v-480", "h518.4" ]
    ],
    [ "ldr1:VCC", "mega:5V", "red", [ "h0" ] ],
    [ "servo3:GND", "mega:GND.3", "black", [ "h0", "v-19.2", "h480" ] ],
    [ "servo3:V+", "mega:5V", "green", [ "h-9.6", "v-38.3", "h460.8" ] ],
    [ "servo3:PWM", "mega:8", "green", [ "h-28.8", "v-307", "h499.2" ] ]
  ]
}